Id,elevation,aspect,plain_curvature,prof_curvature,relief,roughness,slope,fault_dist,river_dist,road_dist,rainfall,spi,twi,steep_rati,dist_tlog,ndvi,landuse,lil
SU0000001,802.8490743557977,86.40103309436779,0.15756767937096858,0.12486776596694567,35.22960681949215,1.5069537652212746,31.91414899106345,253.66374116162936,340.45083259018344,411.6948247246386,1219.8343698153863,4.596180341003321,5.2489648113461636,0.8029313510378402,4.136009536255703,0.4298256394510146,2,1
SU0000002,771.0112725701114,133.44423149766715,0.042479826374356676,-0.09036527130882961,32.82321899920516,1.2925794150597127,27.088794967023837,391.60529992578773,214.84553015163655,167.91838137668495,1672.7036759780526,3.1317733864482675,8.079397974862829,0.7734403708152666,4.570254444593851,0.5962233548343159,0,6
SU0000003,759.8855255610189,227.27067845292214,0.11512640133780683,-0.0911150955459886,32.02165136059965,1.4240456477075554,26.643629957162037,931.0795544661868,287.2938631553908,167.39457808601023,1591.0001254531999,3.9898541291612797,7.568750784082499,0.7624267964139179,5.436344724180819,0.4572893919336801,4,2
SU0000004,906.121054235309,150.75481578589356,0.017270645468210912,-0.06971154532847297,44.3175216099764,1.249854978384081,32.68729302034303,459.456584637103,194.23768350790556,183.00898093742705,1727.6066141878448,2.8793622199780695,8.42254133867403,0.8785158663633671,4.730044453408248,0.5216376414344959,0,4
SU0000005,670.9009920106407,131.11131921826507,0.12484637783300229,0.0558532877236894,26.27633886022763,1.4426213449010277,25.632593373586406,383.2623990873733,298.68380674999406,308.8087126158103,1598.0372178553582,4.12124207638056,7.612732611595988,0.6618774866166095,4.548719869707062,0.5684656802406307,4,5
SU0000006,1133.496568156683,127.583023935,-0.0318364093607306,-0.08565272738974533,73.4539765237825,1.1706409908109854,41.26398774959747,370.98105260927514,159.59739495686296,171.24814344321433,1630.5567076120792,2.4445929720373996,7.815979422575496,0.9623718183839516,4.516150990169231,0.6243177834176714,4,6
SU0000007,727.4894576221225,99.38982899743569,-0.07867218235368592,0.09007113453896412,29.7973962918686,1.0997729581972946,28.403553372065275,285.97549170891097,132.3316498742986,356.1301998526614,1650.9206673925507,2.0912446021466713,7.943254171203442,0.728307520835611,4.255906113822483,0.5774523414644156,4,5
SU0000008,628.208252688035,169.09048599933678,0.06250287137110923,0.03824263160748155,23.898032110735606,1.3275526864595308,23.678809242437165,544.1890984177336,232.76083926330665,286.96042043701993,1671.4286044717105,3.3479322101919253,8.07142877794819,0.6069453975645427,4.899296793840032,0.5518876439019746,0,5
SU0000009,870.2044413529411,158.39263951677793,0.08836790980349761,0.08775458710062484,40.91781018982231,1.3741342270345314,33.914971393180345,493.0188663127506,258.1321438369543,352.709267553126,1298.8550688230935,3.6493887920700505,5.742844180144333,0.8555626611113283,4.800547441693335,0.508426302691416,2,3
SU0000010,663.3329222272969,112.47293986418276,0.0037286623159974385,0.1913929573481275,25.83812045044218,1.2274901420707072,27.597274042419222,322.68392735741105,183.99611610551216,543.1962407282655,1393.4670214890812,2.7522778403007764,6.334168884306757,0.6524049591622825,4.3766732910539945,0.6114622683673185,3,6
SU0000011,445.08344110915516,132.23247305092463,0.06941295976575083,0.08234667976311337,15.90847667458449,1.3398405482256066,17.292356261407924,387.2494201754846,239.28416942842645,344.8505606583924,1645.7962527668567,3.425942212948227,7.911226579792855,0.3582725269227065,4.559068982008535,0.5974677788159941,4,6
SU0000012,685.2294869952813,123.94713347680313,0.17369638218857308,-0.010956518985793785,27.1264691091676,1.5397116771255301,25.07631584449771,358.7367829346926,363.1389446846542,233.7723637897532,1327.8901882659325,4.850044793250896,5.924313676662078,0.6794564360660597,4.482588924401259,0.4433370228797216,2,2
SU0000013,582.49858851971,186.31544836349465,0.06636386041058479,0.09485824248813218,21.589759080102496,1.3344045297509433,22.844804706124258,637.9733086081519,236.38348948108376,363.30499097946654,1463.6395765861546,3.391298437719827,6.7727473536634655,0.5450147143721995,5.058296446432259,0.5466831752861372,3,4
SU0000014,860.6062709141206,133.89247491818452,0.11351628563361171,-0.06743111292799815,40.05430496845991,1.4209917559453675,30.95528087563806,393.22897514779925,285.44950335287905,184.7561836191688,1473.9113845495885,3.968497734899554,6.836946153434928,0.8488475138346449,4.574392076167857,0.5034609684801337,3,3
SU0000015,532.7488637939729,185.65321125106283,-0.02541035103040858,0.013499294247322493,19.330113052688912,1.18071422637369,19.554110718332097,634.0853003154034,163.75290189890467,258.84956410109135,1608.9194654249454,2.497521474491594,7.680746658905909,0.47605841156290435,5.052183488471349,0.5697224940823956,4,5
SU0000016,867.7693196151015,147.59844350688746,-0.018494746806623063,0.0024338146912321144,40.69698632300206,1.1916517114788685,32.39825934099671,446.2631093220221,168.3459372864902,247.18595176691076,1262.0264905667152,2.5557630888546115,5.51266556604197,0.8538828250216537,4.700908709294346,0.41823100220615306,2,1
SU0000017,509.9140697762076,89.17895620590369,0.10496613400851548,-0.0966574866432073,18.3736974416726,1.404884152071692,16.830144602799063,260.25239325543873,275.8520126960071,163.5731796762373,1471.4939913536978,3.856990103473812,6.82183744596061,0.4445540617041419,4.161651903439111,0.6379382638228853,3,7
SU0000018,683.8724852089433,201.93851195036063,-0.09504265200148154,-0.0126525069441156,27.044790841595194,1.0760279787938272,24.995277086834758,736.9421101062924,123.94394314691057,232.12620737656334,1379.996471214307,1.9801867530781598,6.249977945089419,0.677812282082109,5.202509341080252,0.5068773539279551,3,3
SU0000019,899.2554647423312,41.72417249249733,0.1101635465318786,0.040528272279873344,43.64650694801083,1.414653647019516,34.25762816686632,167.94016346098104,281.64690772157536,289.7063434538739,1436.936007088513,3.9243935187246546,6.605850044303206,0.8743859917066454,3.723607746084591,0.4183153716489237,3,1
SU0000020,760.9833113884965,119.58297391085284,0.07990143170320559,0.014622257462813145,32.09986431196822,1.358709350636554,28.448610845043973,344.5724504925346,249.5366321884514,260.06356262237307,1788.2846226113465,3.5478369420311076,8.801778891320915,0.7635297185352717,4.442304374561719,0.5148515498021581,0,4
SU0000021,563.7704513280643,165.65291627216055,0.07799950259576477,0.17510250902885238,20.70967542597474,1.3552681572678786,23.45389270212782,527.1923017687172,247.6454312336773,507.5492688188086,1665.6177993463325,3.5254156421716325,8.035111245914578,0.5191163043600242,4.867565380973789,0.5625496847319608,0,5
SU0000022,1011.3945204195211,76.7304014690147,-0.05096272991246216,-0.09918911296866299,55.99829010825512,1.141165026285473,36.28996835572588,232.0011126143433,147.84273099323397,161.8568057615952,1469.6304314950771,2.293603665263122,6.810190196844232,0.9284621470904,4.04674216740629,0.42386510819549533,3,1
SU0000023,862.3271704265928,139.55552468857974,-0.17562094417539867,-0.10986948974490499,40.207774752380246,0.9664156489462801,30.314898465285747,414.3315015275099,89.7938262817548,154.81184238060015,1582.1622155920313,1.513760349337511,7.513513847450195,0.85007009766395,4.626666381740736,0.6010501254315506,4,6
SU0000024,1107.4115605045217,343.40106029047644,0.10716141499139946,-0.10674457440382369,69.31715044017825,1.4090023301196932,39.898040001778774,2719.8104778580446,278.28496982189637,156.8407469616793,1190.8725950829905,3.885317544976181,5.067953719268691,0.9567576959531449,6.508317479604398,0.555416916987507,2,5
SU0000025,601.6706028441413,127.00177808832045,-0.04681451985897121,-0.0048949063699662305,22.529454948029706,1.1474942363921825,21.92783055999495,368.99594096758824,150.3163270446564,239.75188037339922,1702.556836926023,2.325538442665426,8.265980230787644,0.5712759521269537,4.510785643892189,0.5465638853956276,0,4
SU0000026,719.4457293330361,86.68250606632223,-0.20620244170565352,-0.046356949088799705,29.269501374598157,0.9278023173908709,25.81694032258252,254.32367029692824,79.45495308285227,201.7130303423679,1523.3947918690687,1.367054639953484,7.1462174491816794,0.7193753314742914,4.138607748304513,0.6754343930863906,4,0
SU0000027,771.4494138651195,217.87806821649875,-0.02989433978087281,-0.13019325197004294,32.85519280156867,1.1736762071922124,26.44203411747615,853.7545212404646,160.8420199777058,142.24175596732175,1377.5813180428206,2.460469537738333,6.234883237767628,0.7738666183360928,5.3496437066138345,0.4759819148371398,3,3
SU0000028,1131.1245518383296,100.6098658504149,0.17077338056045174,-0.09635126137044317,73.06780845684598,1.5337225824765095,40.9934337708721,289.2143163850187,358.917846418966,163.78202222288803,1681.051682059879,4.803018631764023,8.131573012874243,0.9618916989826373,4.267167992465368,0.5647960772884691,0,5
SU0000029,719.8051784215437,151.3504358011968,-0.053218154314408565,0.06552866417784967,29.2928904826589,1.137738432553993,27.695679119357532,461.98964819147017,146.51493706422414,321.512396334854,1459.2026431454751,2.2764248232267223,6.74501651965922,0.7197782858814042,4.7355424843187395,0.4359515388986202,3,2
SU0000030,517.9712366224685,165.21821465193776,0.28186368846156523,0.03119899362881259,18.705637897616445,1.7785852613341078,19.274420206909543,525.0811124871585,559.7301283138913,278.66094914579736,1513.0178678224188,6.955589828690555,7.081361673890117,0.45563260724683396,4.863552750633271,0.5568660911682035,4,5
SU0000031,983.0803135072284,168.25986258865066,-0.016639084625060575,0.14475464520718667,52.583411363351665,1.1946037660029643,39.25458961206755,540.0325960641567,169.60015910895024,447.26191160735715,1600.6010301538581,2.571620859097857,7.628756438461614,0.9172838228740366,4.891629500818314,0.6568604793596794,4,7
SU0000032,780.9821986999432,74.40951293816748,-0.16022387988684975,0.21011135186774996,33.55862048715806,0.986460652920495,32.48449692501584,227.08367933101533,95.49792127086897,587.2578354803825,1807.7865153253274,1.593480153880886,8.923665720783298,0.7829998461916915,4.0253185809677,0.519638462937392,0,4
SU0000033,679.0262821955222,248.99387899574316,-0.12105685230652319,-0.09536724227469917,26.755098987859547,1.0393451627016832,23.428234714136433,1137.8167519854592,111.69507242954207,164.45492007011921,1634.932287150247,1.8157110588882026,7.843326794689045,0.6719047614693441,5.636866575345321,0.5024315901712328,4,3
SU0000034,747.0780639903871,143.37621159590668,0.09563618231984002,0.180897823357646,31.123129397869512,1.3875157386701138,30.67911065558694,429.2048285824203,265.74700024615873,519.9543039302563,1546.4935851042792,3.738884385941883,7.290584906901746,0.7492991924479753,4.6619342608852925,0.5855151034621486,4,5
SU0000035,378.96902181441595,150.83330387454234,-0.08148454054393066,-0.13425756725083535,13.734778044747657,1.0956567398921482,11.111169171935586,459.78958404458683,130.85133583459552,139.85322359926144,1391.4956212913999,2.071731777187887,6.321847633071249,0.2788502123866819,4.730768958841929,0.5072701247439351,3,3
SU0000036,912.8624576240824,67.78447334692835,0.04959472388916261,-0.046100332000029415,44.98643576747035,1.304899855198934,33.34297892982493,213.6126587960102,221.04778404772335,201.92882490055499,1479.5723049020862,3.2069353013075457,6.872326905638039,0.882456658119983,3.9641643693562614,0.6142206260243683,3,6
SU0000037,844.8607786607067,240.93087698377835,0.021824148112514926,-0.07151311340048437,38.67704125626048,1.2574663512067188,30.27492283568608,1056.206362771615,197.80794643073045,181.64036108885384,1496.18258929912,2.9233995261227292,6.9761411831195,0.8372783414733107,5.562438864465646,0.5533997433016977,3,5
SU0000038,779.783204521668,83.51477530483118,0.058573467244181124,0.03938739961666862,33.46932485526608,1.3206155535204773,29.59247016945379,246.99476860330535,229.13099463382994,288.33245299698257,1934.7958460054274,3.3043668805207393,9.71747403753392,0.7818659217066988,4.10936715665998,0.6841475689025337,1,0
SU0000039,594.4161968994124,135.32008149930357,-0.17451630027555046,-0.058884841675618374,22.169171658881847,0.9678400912248594,20.745882518161288,398.44520397655805,90.19146494283044,191.45379363751428,1582.4968005744545,1.5193445109975283,7.51560500359034,0.561378041453464,4.587569983070495,0.6304682896710587,4,7
SU0000040,616.7649092061505,111.48048139559322,-0.2770933544607982,-0.007519910465388919,23.29797541887495,0.844122370672391,22.471081294704927,319.74126950543473,59.83714261789937,237.1438786218528,1362.0136941024698,1.0793461974911047,6.137585588140437,0.5916803369700717,4.367512135959322,0.49164484581071416,3,3
SU0000041,590.1650599298341,147.8729339735838,-0.21865925870349467,-0.16404542944691886,21.96072627514195,0.9125196328806273,18.8278840620449,447.39526581382387,75.592945488402,123.52917676865492,1872.6795379245277,1.3114531592984116,9.329247112028298,0.5555544865474471,4.703442467448466,0.43100619349807756,1,2
SU0000042,550.5785958781648,273.3993793408854,0.48076007538606097,-0.12858799545904098,20.111378886074366,2.3187156513920977,17.87936769316684,1425.3149944227307,1240.2153359472436,143.19633857471388,1473.080166913915,13.497892803345408,6.83175104321197,0.5008036046944027,5.862148116992788,0.5613244440752408,3,5
SU0000043,1059.1655759930068,89.85428990216457,0.008208323108683536,0.10528050912740927,62.26995571844113,1.2348437338906804,41.55555866296263,261.8798348507114,187.32279260974101,379.4294921092701,1601.562571914659,2.793683782342222,7.634766074466619,0.9442070335112336,4.167885752943057,0.5039075143015921,4,3
SU0000044,723.9118663871126,64.63177245595118,0.009273938403800213,-0.019966498801074612,29.561440142517736,1.2365994720494917,26.430464268369803,207.48571936769176,188.12295285596994,225.15887294185654,1569.147182340201,2.8036247345018124,7.432169889626256,0.7243568444413321,3.9350625149780107,0.4895738224944788,4,3
SU0000045,832.876934058125,219.82652815828885,0.06831439915026989,0.05421076900790442,37.660635924184625,1.3378794567517285,31.90428247461438,869.2488871902754,238.2350036033936,306.70249442559447,1540.5048556124589,3.4134198040298203,7.253155347577867,0.8280028262233257,5.367629490691897,0.5340067514473131,4,4
SU0000046,618.1195539622875,174.57212700876502,0.030407010237976578,0.2631801970716714,23.368215488945303,1.2719392194401997,27.035430383061257,572.4334917155143,204.71689833132496,732.5885012889809,1783.7367843960387,3.008244544414579,8.773354902475242,0.5934972692960059,4.949896557003985,0.5648677242045201,0,5
SU0000047,610.6497022549419,81.69325432107784,0.22367144296332978,0.04352990701765662,22.98351261669392,1.6458032955997917,23.084097982430908,242.87650804284263,443.49466477307544,293.3523987919266,1608.8229445426578,5.729174628986405,7.680143403391611,0.5834476995336915,4.092553116809949,0.3944331210420646,4,1
SU0000048,914.9389266804726,183.5373219839336,-0.12156460266217169,-0.044582976893993875,45.19449975616665,1.0386417636612864,33.44901975600737,621.8209583112063,111.46844979189154,203.20952635526464,1574.1947526970432,1.8126405649088357,7.463717204356519,0.8836479760832996,5.032652202928618,0.5381973438684995,4,4
SU0000049,695.4091865553601,147.27326257571255,0.007203393268967192,0.030307501452296232,27.747105423216045,1.233190266796243,26.159926723580053,444.92558308543926,186.57131892246318,277.6277690002066,1767.438715678905,2.784341251406382,8.671491972993158,0.6916466448886587,4.697907039160423,0.3286673247254962,0,7
SU0000050,705.3669523882568,165.47330738920905,0.08939909845306492,-0.03262974975855478,28.36794737355855,1.3760248486189075,25.49821898578963,526.3189789642571,259.1990744850614,213.58667225712298,1250.9245148034267,3.6619544032249594,5.443278217521417,0.7033183040179515,4.8659074528234685,0.5602396386971288,2,5
SU0000051,1058.9230385495534,54.29900868045104,0.17457420205472823,-0.027423026774747266,62.23640299265839,1.5415148514923132,39.33440105290351,188.61033308314717,364.41626821151215,218.27099528892842,1522.1881046673843,4.864257128465076,7.138675654171153,0.9441360082354606,3.8396831570503176,0.44976811914368414,4,2
SU0000052,687.7978889759422,238.50289865543232,0.13239828629815603,0.2198773926491933,27.281737739032287,1.4572207830920134,29.023430004328752,1032.7978489761947,307.84399508579617,611.6472960310255,1720.3859022364309,4.226303022670257,8.377411888977694,0.682556146794533,5.540026756819375,0.5691269343143661,0,5
SU0000053,1061.9082147102026,182.53455531798943,0.16919822651955885,-0.023588514424165003,62.650634592897674,1.530504830198405,39.51439977610513,616.0917487650078,356.66355201384,221.78634825672108,1542.6473305374727,4.777866406574367,7.266545815859205,0.9450043025350385,5.023395895242979,0.4782060941359779,4,3
SU0000054,926.1251082270736,77.41026449753375,0.16235255136264917,-0.010878126900619133,46.332032745979205,1.516598606546792,34.44578542715366,233.46165054622097,347.02964391595214,233.84873419103744,1719.399534954771,4.670075185401099,8.37124709346732,0.8898866626712884,4.0530178261310805,0.5940695190985008,0,6
SU0000055,1075.7163083764244,201.5003549240119,-0.1908060383479861,0.0039656192522159,64.60284583933503,0.9470455846252355,40.51061675773121,733.9675476918325,84.50205440966992,248.76866628148602,1344.4788491848294,1.4390452490132737,6.027992807405184,0.9488576641398906,5.198464814683187,0.49253761261069806,3,3
SU0000056,1020.0211179898099,195.43969770835025,-0.05983956428681195,-0.10964608397284786,57.082145146781,1.1277380650599609,36.451164300056256,694.0335390764775,142.68533381511364,154.9560172198407,1537.2451348602017,2.2267314342838103,7.232782092876261,0.931580735763284,5.142520286538618,0.43667518804950983,4,2
SU0000057,627.1947500686155,174.28061565083084,0.21829680541600444,0.08505137666693277,23.844268858917623,1.634051326026376,24.419541002672812,570.8952158555139,434.06193082088186,348.7588594006319,1165.393678624304,5.627447800984843,4.9087104914019,0.6056013478719106,4.947205682930746,0.5583493383224208,1,5
SU0000058,760.966043181864,180.90286854922505,0.2874314522476811,-0.2355885932165691,32.098632542069296,1.7918380495437922,24.27775845901856,606.8818772545073,572.335758178221,91.68702374834476,1437.423451969423,7.085885451359021,6.608896574808894,0.7635123969265117,5.008334171223616,0.5812725058234685,3,5
SU0000059,463.3130080982904,249.93668812347806,0.10025349190509876,0.11359007830120847,16.566162977811274,1.3960842067467056,18.522007175509213,1147.7622186703968,270.70075011077716,392.79662839264864,1440.649014156513,3.7968747963715206,6.629056338478206,0.38187570176577756,5.645569428832105,0.5991010951972969,3,6
SU0000060,940.3248800780268,169.13707130891595,0.08016013390480439,0.0444411887138071,47.8173537318976,1.3591780996099572,35.91998737048672,544.4231599790612,249.7949885446198,294.4683772716549,1393.864757641699,3.5508977056446334,6.336654735260618,0.8973823017280527,4.899726812082301,0.5221977055807718,3,4
SU0000061,720.5459441585754,178.92060118297718,0.19497363703654416,-0.11502432983740912,29.3411505702451,1.5840183047936474,24.715270108876673,595.8782207649842,395.39867043401523,151.52217123246152,1511.9985551488676,5.206522275887826,7.074990969680423,0.7206075935231955,4.990036318612097,0.6525164438127179,4,7
SU0000062,614.1541188137385,100.55374887612918,0.07534592877467902,0.1133262228582384,23.163197592355324,1.3504815578541824,24.38365277928269,289.0645413431874,245.03075054535367,392.36502598587276,1533.8281688897055,3.494369978994959,7.2114260555606595,0.5881715483727472,4.266649989625808,0.6403168472349592,4,7
SU0000063,902.2229168619749,208.71830434785403,0.12811747519861397,0.2913183720415302,43.93527784928084,1.4489270257437894,38.55286407865786,784.5356704262904,302.61758140133463,823.7166094402814,1499.1741297814328,4.166424569624843,6.994838311133956,0.8761855687621032,5.2650920401340375,0.3737182166346789,3,0
SU0000064,1036.7657850730855,124.24953698780632,0.06118206665145495,0.16914608218326324,59.24620602352898,1.3252168267344417,41.74888190034105,359.7395658394381,231.53435554691106,495.10771374922507,1275.638473430572,3.3332247279212437,5.597740458941074,0.9372772178219398,4.485380341425905,0.4338682228715089,2,2
SU0000065,459.76997131860634,102.38114114834744,0.11094549090254903,0.07490254113753252,16.43624282941576,1.4161293234247303,17.739430125793568,293.9819073986702,282.52921568981094,334.3184297918192,1576.2038686925687,3.934635719045095,7.476274179328554,0.37724039586343033,4.2835182259847455,0.42097872928861074,4,1
SU0000066,332.18138140612405,157.53298305037484,-0.025766405045750364,0.06712629260599341,12.37846940778492,1.1801538286837516,12.648047487004714,489.12209984152247,163.51984838459754,323.65977465813626,1644.3125801954031,2.4945590576420402,7.90195362622127,0.2296827495447357,4.79261215123423,0.5450593145646946,4,4
SU0000067,884.8239553676538,168.89873931747945,0.12450970584022,-0.07256079154438588,42.268969451855995,1.4419739032915135,31.811585071891212,543.2267522943241,298.28184358050447,180.84916993059818,1503.2621737869667,4.116619647994009,7.020388586168542,0.8653124594776872,4.897526824469041,0.5497420877325566,4,4
SU0000068,895.6951255751353,128.4068238054028,0.12317508835981689,-0.01990065502984548,43.30254417310498,1.439410206900548,33.11202174409117,373.81285955564397,296.6937177829868,225.22065353836038,1513.193253227499,4.098346615504055,7.08245783267187,0.8721973539638479,4.523755296665256,0.6003615233619259,4,6
SU0000069,389.24913321025196,69.72929867514053,-0.1773278096164231,-0.26803393438179657,14.052156219408042,0.9642187611252835,9.2813451629243,217.48211193187643,89.18285044658651,80.09327877072943,1423.4776895751718,1.5051721864811585,6.5217355598448234,0.29047867825472334,3.982116603155143,0.5939547119782193,3,6
SU0000070,696.7208680511366,166.85635532622038,0.2083826245066189,0.171322335872123,27.82810200053672,1.61259309175472,28.56118379985736,533.0813553328802,417.1853043470504,499.61763013712186,1520.9379304438178,5.444515372847397,7.130862065273861,0.6931986059789632,4.878674049165111,0.6422868711655518,4,7
SU0000071,764.5827985181397,99.56911545121497,-0.04416005282981028,-0.16566438150780194,32.35765628837045,1.1515627461173,25.583813583908736,286.4491592272116,151.9208693155758,122.69869840538054,1389.8985834026157,2.346206629927486,6.311866146266348,0.7671211996164734,4.2575610657035226,0.5053586649540457,3,3
SU0000072,892.6453034881483,265.850039025789,-0.162327227306556,0.05913929619119027,43.01005853474861,0.9836980359347529,34.31075007217005,1329.3719593839805,94.69783050294221,313.06590708152254,1365.5129697347945,1.582347086101502,6.159456060842466,0.8702967412821166,5.792461898699591,0.5719757670770562,3,5
SU0000073,724.4044028762092,34.99112131991052,0.18424454873527263,-0.060600085537047724,29.5938136070563,1.561519519766276,25.77239201956845,157.82021485607223,378.7885731510828,190.09038006206276,1446.5759618602312,5.02360847794708,6.6660997616264455,0.7249028522821731,3.6614565044914817,0.44841980709682483,3,2
SU0000074,630.22901019624,181.8128786451696,0.01661334885953917,0.05143944027389773,24.005589266178923,1.2487600909798475,23.977341067752075,612.0012129268321,193.72766718311863,303.18130749972767,1589.907496628615,2.8730604759495275,7.561921853928844,0.6096203652564004,5.01673426441695,0.6396529324422534,4,7
SU0000075,686.2984928444117,58.00424190502744,0.20508336248579745,-0.02777858065167056,27.19098649855381,1.6055148489640296,24.83752059975484,195.17279802586188,411.71585947005093,217.9478717868271,1710.3347911323804,5.384967139094353,8.314592444577377,0.6807485248734163,3.873885309892561,0.5646701690545977,0,5
SU0000076,724.3952445633979,176.67043311300918,0.3376518840189449,0.2612376634864504,29.593211325624427,1.9159287883485372,31.13599834668409,583.629017184468,699.6691189489359,726.6829423015445,1543.1009816212445,8.377137592445871,7.269381135132779,0.7248927058388508,4.969265536427777,0.546815247465366,4,4
SU0000077,941.7232283439494,99.03203287012244,0.09496055589273827,0.008896458245537232,47.96617442381146,1.3862663784203832,35.38195540635699,285.03254887872504,265.02978703391767,253.9325234515045,1582.2253138332085,3.730473563456628,7.5139082114575535,0.8980954860501253,4.2526033803395915,0.4673304955240476,4,2
SU0000078,461.8778512043856,19.256076660566038,-0.12260761694844116,-0.04304103419271996,16.51341370860064,1.0371983433022023,15.85567697695855,136.48434759349541,111.00436581507822,204.5193020395778,1485.0893461361982,1.806349474058304,6.906808413351238,0.3799954604719903,3.516209938405225,0.6889784929943614,3,0
SU0000079,947.0788065833136,91.46407743779422,0.09715626786764353,-0.03684938836203901,48.54044402966398,1.390330780605113,34.82779711665044,265.800314685027,267.3677553233337,209.864247629338,1486.5017859135849,3.757877210236216,6.915636161959905,0.9007864278830624,4.182745330195024,0.5488260519532306,3,4
SU0000080,859.4508010555708,131.948198547539,0.20457772991015377,-0.12503258713708848,39.95158902598726,1.6044328129357013,29.95032136654294,386.2345817707507,410.88399318917396,145.33346882008738,1533.014249977963,5.375898734028444,7.206339062362268,0.8480220401659934,4.556444909669591,0.7418138981276666,4,1
SU0000081,788.1543536725495,247.15894292940123,0.05872802672598122,0.0816932514395756,34.09776695825645,1.3208877331056168,30.623112389036518,1118.7068555385786,229.2726959030459,343.9129412784446,1522.9146888971693,3.306069723242991,7.143216805607309,0.7896936391044271,5.619928703963703,0.5203673935068637,4,4
SU0000082,607.6931685894244,181.96958833224096,-0.08273057837786518,0.0918702283576115,22.833004186578616,1.0938379448342557,23.774793695548922,612.8871444855197,130.20077556648192,358.8098628199338,1705.6459207113455,2.0631447685082756,8.28528700444591,0.5794503908512882,5.0181808153745315,0.5633225125789785,0,5
SU0000083,696.4752279599754,183.50776265506525,-0.0013009583319618934,0.12426565505581792,27.812915706844993,1.2192859358294936,27.767353116040457,621.6513142852847,180.3313815049413,410.6632611482851,1238.9750265255802,2.7065194461963022,5.368593915784876,0.6929082998503542,5.032379347585217,0.5071514105505084,2,3
SU0000084,389.6538408776804,56.82104603523166,0.2495793344720864,0.11942219783660231,14.064799715946712,1.7036490420616688,15.754685998075388,193.05275661025095,491.9206081330973,402.45870325488863,1416.8831626744336,6.245936641185094,6.48051976671521,0.29094228857150073,3.862963501863677,0.4137997235167283,3,1
SU0000085,214.3848091885028,118.67279198437876,0.4080622518371103,0.06418611257563768,9.527558223658968,2.1045107187108743,8.018066678035735,341.6895906504771,927.2739149934316,319.71888832718173,1442.4684342320818,10.59314936774854,6.64042771395051,0.13417605179232972,4.43390269524042,0.5712064167600246,3,5
SU0000086,467.0274964610003,134.6739814246537,0.05992162095236077,0.0016679217814741798,16.70347294870676,1.3229915453562602,16.801090225396802,396.07594864841377,230.3699474293143,246.39838422007708,1658.5289794704129,3.3192496106984506,7.99080612169008,0.3867585005302253,4.581605982381419,0.5615716180988842,4,5
SU0000087,868.2986832594395,109.25580165500064,0.1796723112615822,0.20747243371487897,40.74488894847288,1.5520289604677195,35.83615602200396,313.2421804019423,371.9238931539707,580.8360166997501,1376.776076855774,4.947625201587792,6.2298504803485875,0.8542493715305861,4.346976630661544,0.46298434754283524,3,2
SU0000088,988.4411805376419,141.56264086482108,0.2555732088099835,-0.041104285427062064,53.21358572560571,1.71731887049267,36.36541893045727,422.0794675270061,503.8571700952555,206.17640639343497,1764.8072922033139,6.371982821018613,8.65504557627071,0.9195156520638695,4.645193607982963,0.5445188653444362,0,4
SU0000089,794.4811881980852,255.70667140854377,-0.009265571616625686,-0.100934651510995,34.58055498143009,1.2064062566956912,27.82535757140895,1210.5508864026842,174.6768531534963,160.68387927118937,1460.2297267154634,2.6356102820765073,6.7514357919716455,0.7954716843004535,5.698830813001942,0.5701867160514511,3,5
SU0000090,466.1633670075074,195.4356086723229,-0.03581569764266148,0.14973751928802762,16.671428252847534,1.1644463482192493,19.235311816203527,694.007343311055,157.0771693998503,456.6450212768067,1148.9183512159245,2.412381276462697,4.805739695099529,0.38562050426148475,5.142482541590673,0.47107473799166655,1,3
SU0000091,444.43573277786163,100.29508468634309,0.08214988516634146,-0.009507195053970586,15.885595250455294,1.362788788858958,15.736269690461778,288.3751740884962,251.79104087746688,235.18835112663254,1491.4595889683176,3.57452732476096,6.946622431051985,0.35744563410458735,4.264262320181628,0.5212652102895952,3,4
SU0000092,784.6098833115898,88.44515727369799,0.1510274461348576,0.09151991644625806,33.83024741509957,1.4938697908294643,30.64904962511057,258.4955230477095,331.659813193711,358.2865141577603,1593.6060700249761,4.497064364496928,7.585037937656101,0.7864046661201844,4.154878374834135,0.578522675420101,4,5
SU0000093,801.3552401455587,286.2797646775194,0.03193587434212351,-0.024849986200149207,35.11285140390493,1.2745346935799342,29.360759568991465,1605.2647602845962,205.97267150015156,220.62366812291907,1411.4355871428195,3.0236143320124422,6.446472419642622,0.80161486406761,5.98104398163864,0.4514189863537731,3,2
SU0000094,523.9950782318065,96.2281746399903,0.034397942752189305,0.05211541541972573,18.95772091998486,1.2787255574208085,19.857287743787904,277.7500509787146,208.01116809175937,304.0364404880478,1540.182729368346,3.048530920507701,7.251142058552162,0.46394474369672756,4.226721612061449,0.472757177805623,4,3
SU0000095,910.0332215235933,202.0618236995616,0.02105275388669745,-0.06634993735976545,44.70448470724236,1.2561736797169158,32.89545965881031,737.7814211151616,197.19853547563005,185.59036896765716,1619.7484673327679,2.9158922037202735,7.7484279208297995,0.8808164546541992,5.203647603380569,0.5490378869988884,4,4
SU0000096,487.33709330529143,149.58128336101367,0.08430537181115715,-0.09596337437853046,17.47461220109703,1.3667110531301632,15.96371961111916,454.50633249799864,253.9713555527148,164.04694006114357,1562.374942853991,3.600302630789935,7.389843392837443,0.41383662934147164,4.719211846409357,0.4176142011793769,4,1
SU0000097,988.5134980021908,235.11674902886307,0.007122399854555286,0.05561452054068878,53.22213812746118,1.233057100266344,37.980211375763346,1001.0152270479736,186.51088451996551,308.50164294398274,1146.41248547202,2.783589641853856,4.790078034200125,0.9195453802248467,5.508769991035659,0.4414921871787734,1,2
SU0000098,695.1197943726166,84.31135360725415,0.15215947239459882,0.2516755836897593,27.729267169880377,1.4961262931234407,29.838140620431076,248.81762220223058,333.16500893542343,698.299619791121,1343.7416448913118,4.514065737499478,6.023385280570698,0.691303655263423,4.116720187143884,0.46700292767318463,3,2
SU0000099,790.3807062957875,258.7225496524753,-0.13835614688098546,0.041884334676833036,34.26688196381654,1.0156462785376446,30.046210822783397,1244.7247362844512,104.22743771672353,291.3478928375043,1823.4078161300974,1.7139709026193308,9.021298850813109,0.7917404307396504,5.726669689099772,0.40185926814565864,1,1
SU0000100,517.4075427677502,126.46557058004552,-0.03308826192831165,0.10951215453043735,18.682220893743192,1.1686886607104703,20.55771812758647,367.17406828858753,158.8002228717828,386.1788653517001,1570.665555171334,2.434413325873107,7.441659719820838,0.45485597216822327,4.5058360361234975,0.3920030352286298,4,1
SU0000101,840.7738725221459,116.45997232188272,0.23616708254118585,-0.06331050437243035,38.327366120660905,1.6734534802233403,30.252697747431835,334.7810270772003,466.22499065089914,187.95568778598658,1430.1415547036422,5.972846464338599,6.563384716897764,0.8341611953047143,4.413476667586609,0.5772905288643626,3,5
SU0000102,885.3267668206486,183.12645865585324,-0.20783959760772122,0.07656413279139013,42.31622545221899,0.9257792501919658,34.31655425621506,619.4671161355096,78.93633248025704,336.64104690315963,1366.510711732096,1.3596146871145112,6.165691948325601,0.8656376888780875,5.0288596183617225,0.5528220889270611,3,5
SU0000103,491.7278016281692,183.01093959029913,-0.0759898356461059,-0.1419161580312626,17.645948774450364,1.1037132967312664,15.368589651685536,618.806911927505,133.75913164349043,135.4608508381728,1646.211221837184,2.1100265869235963,7.9138201364824,0.41976590790789337,5.027793288525838,0.5533315617341401,4,5
SU0000104,637.4841757492785,248.3266251863692,-0.021097863235461367,0.01585292087651216,24.395758359027298,1.1875228699970015,23.666377738191592,1130.8301742097713,166.60213538009867,261.4005321574452,1575.0261516285761,2.533682528228064,7.4689134476786005,0.6191691531161803,5.630707309412639,0.484426725269711,4,3
SU0000105,832.8045328119872,119.32559743429292,-0.016745748332431382,0.17551711677640094,37.65457712944413,1.1944338835947474,33.92323933340619,343.75479284354486,169.52781381631698,508.4268343582718,1365.5062315980108,2.5707066929054676,6.159413947487566,0.8279455355454002,4.4399285917011655,0.34097757352564084,3,7
SU0000106,1037.968659102141,319.70631691945516,-0.015790389817399778,-0.22042056487442221,59.40478614799912,1.1959563364895576,35.302882883842884,2185.4931315543445,170.17689259415403,97.6686844164754,1482.322563808649,2.578906230234757,6.889516023804056,0.9376689346035957,6.289596771564202,0.5111021640127466,3,4
SU0000107,713.8137086159937,81.62977727507987,0.1319341713714716,0.07494088503433033,28.905458814344076,1.456319304824584,27.619547863416372,242.73423818994826,307.2730252681729,334.37184685620025,1292.895100828911,4.2197697765433295,5.705594380180694,0.713015746981963,4.091967174846891,0.5899357385355911,2,5
SU0000108,1117.4832967502603,165.17742160840888,-0.005598774310275908,-0.005040385728902557,70.886073718025,1.2123188948318586,41.98478844480619,524.8834298005224,177.2577526142336,239.60659545333937,1630.4410827149698,2.668022120245901,7.815256766968561,0.9590143873055669,4.863176199462236,0.39554627155942257,4,1
SU0000109,777.5903265359144,128.61984328491735,0.32217375194340675,-0.008900728056594944,33.30662350264381,1.876794001145204,28.702389453231202,374.5486235044701,657.6645558356962,235.78341087321525,1798.862017779123,7.955889774252541,8.867887611119519,0.7797810167788417,4.525721630322314,0.44570074417743943,0,2
SU0000110,853.7066500245026,174.76101714642988,-0.08535708717971735,0.033287533756432855,39.444856821775815,1.0900140111527812,32.365606396893426,573.4324581255582,128.8400421072551,281.09650859270494,1726.003013893056,2.045160715856437,8.4125188368316,0.8438633734866267,4.951640158274738,0.508096663657072,0,3
SU0000111,443.4467231494426,152.85841627896602,-0.0903634642188769,-0.029080912639665883,15.850720240503307,1.082762213411898,15.371579578483894,468.4654271165369,126.28561698793344,216.76840610932192,1518.9459568503808,2.0113144279648814,7.118412230314879,0.35618465826908063,4.749462304113533,0.39754782271875866,4,1
SU0000112,457.18149892227797,185.33434430915915,-0.033407804425452055,-0.29576932101846803,16.341970311666127,1.168190839177394,11.460902941114119,632.2216858015934,158.59737885491447,71.35217514981102,1657.5750458573016,2.4318217112923812,7.984844036608135,0.37386801831319005,5.049240101315315,0.5557895804219393,4,5
SU0000113,619.5025316734329,68.40603628121431,0.17037118444715058,0.05392207470725155,23.440143117496294,1.532900326619549,23.601577476865472,214.8417849685589,358.34088919201736,306.33378596954554,1913.2163652294516,4.796583761441528,9.582602282684073,0.5953495673304176,3.969901873365055,0.5676150878979951,1,5
SU0000114,817.7865654271627,143.14968454294328,0.16751638008011865,0.08701022414977844,36.418659120602904,1.5270765767000307,31.864092391330413,428.3082908176312,354.27219153487704,351.61703009269155,1732.2760013704312,4.75115588949801,8.451725008565194,0.8157332763466827,4.659843241934861,0.49229416650901725,0,3
SU0000115,669.6266548700868,122.85829389072128,0.16362025817684836,0.19180493283560784,26.20203320033775,1.5191642441039914,27.84889656998573,355.1492406933057,348.7938404809788,544.1294728760106,1458.585521096112,4.689851226795523,6.7411595068507,0.6602912801361066,4.472538097452812,0.5000181017765527,3,3
SU0000116,804.5339002965638,138.0255024991614,0.1878080479709835,-0.2582132748742856,35.361755730474165,1.5689564716439515,25.594985985850503,408.52090989040363,384.22648825636946,83.43862692248749,1399.7271924932968,5.083636370970834,6.373294953083105,0.8044082324931853,4.612543099992259,0.4714066932830844,3,3
SU0000117,330.33591777049395,91.36350111602773,-0.09227341737688893,-0.012132558542259638,12.327808880839287,1.0800083545825756,11.255298604259325,265.5536610330492,125.32449460826517,232.62964272447596,1710.0745426656422,1.9985500488779118,8.312965891660264,0.22787380507453772,4.181816933378718,0.5143951479047438,0,4
SU0000118,562.4535303511923,150.2979548211206,0.20237604321620242,-0.10511505793378859,20.649157341998368,1.5997297748898778,18.732386325872117,457.52305426036395,407.28132906707134,157.90926437229308,1386.3080185725682,5.33658967182422,6.289425116078552,0.5172896737160922,4.725827275271882,0.578683916741938,3,5
SU0000119,708.123499168456,196.08650489611583,0.042952981230705484,0.09619963777074804,28.542253083877476,1.2933951259743146,27.752574486063533,698.1896805090287,215.25253600756395,365.3412411337847,1366.3875017534974,3.1367166629383014,6.164921885959359,0.7065037990725551,5.148490814425685,0.5330332279369386,3,4
SU0000120,710.0757974146318,74.96708993323149,-0.18952169218030326,0.0942898842329594,28.666350952926262,0.9486687531917681,27.796667970007228,228.25546118908485,84.93729100027774,362.445644787258,1475.8476188451234,1.4452192296329618,6.849047617782022,0.7087477573022734,4.030465445537521,0.45221757746821367,3,2
